SET session_replication_role = replica;

--
-- PostgreSQL database dump
--

-- \restrict s46sWUPQBNcfhs692AvWcoLe5sCInotDegVglrFRyeOd4gZDF9dMBLscak8jYxa

-- Dumped from database version 17.6
-- Dumped by pg_dump version 17.6

SET statement_timeout = 0;
SET lock_timeout = 0;
SET idle_in_transaction_session_timeout = 0;
SET transaction_timeout = 0;
SET client_encoding = 'UTF8';
SET standard_conforming_strings = on;
SELECT pg_catalog.set_config('search_path', '', false);
SET check_function_bodies = false;
SET xmloption = content;
SET client_min_messages = warning;
SET row_security = off;

--
-- Data for Name: admin_users; Type: TABLE DATA; Schema: public; Owner: postgres
--

INSERT INTO "public"."admin_users" ("id", "name", "email", "role", "created_at", "auth_user_id") VALUES
	('335aeef8-ed21-4bcf-889d-0d20787c314e', 'Jose Ortega Guido', 'admin@atelier.com', 'admin', '2026-01-29 20:53:57.564656+00', '335aeef8-ed21-4bcf-889d-0d20787c314e');


--
-- Data for Name: categories; Type: TABLE DATA; Schema: public; Owner: postgres
--

INSERT INTO "public"."categories" ("id", "name", "slug", "description", "image", "status", "created_at", "updated_at") VALUES
	('c1a00000-0000-0000-0000-000000000001', 'Essentials', 'essentials', 'Foundational pieces for everyday wear', 'https://images.unsplash.com/photo-1489987707025-afc232f7ea0f?w=800&q=80', 'active', '2026-01-29 18:30:26.050239+00', '2026-01-29 18:30:26.050239+00'),
	('c1a00000-0000-0000-0000-000000000002', 'Outerwear', 'outerwear', 'Premium coats and jackets for all seasons', 'https://images.unsplash.com/photo-1539533018447-63fcce2678e3?w=800&q=80', 'active', '2026-01-29 18:30:26.050239+00', '2026-01-29 18:30:26.050239+00'),
	('c1a00000-0000-0000-0000-000000000003', 'Accessories', 'accessories', 'Refined finishing touches', 'https://images.unsplash.com/photo-1553062407-98eeb64c6a62?w=800&q=80', 'active', '2026-01-29 18:30:26.050239+00', '2026-01-29 18:30:26.050239+00');


--
-- Data for Name: customers; Type: TABLE DATA; Schema: public; Owner: postgres
--

INSERT INTO "public"."customers" ("id", "email", "name", "phone", "address", "created_at", "updated_at", "auth_user_id", "city", "country", "postal_code") VALUES
	('945d2f68-6879-4793-9f26-003de5e38853', 'jo.ort22@gmail.com', 'Jose Ortega Guido', '+525510510040', '"Privada Emiliano Zapata 1 int. 4"', '2026-01-29 19:04:15.182652+00', '2026-01-29 19:33:04.140519+00', '1acdc068-8190-4d35-81c8-8cb98d6667b8', 'Lerma de Villada', 'México', '52004'),
	('4ecb26f7-8d38-4900-9d3e-1ed4023643f8', 'admin@atelier.com', NULL, NULL, NULL, '2026-01-29 20:24:17.273616+00', '2026-01-29 20:24:17.273616+00', '335aeef8-ed21-4bcf-889d-0d20787c314e', NULL, NULL, NULL),
	('f1e6b17b-ba57-4f69-975e-69feee171f9f', 'admin1@atelier.com', 'Raquel Guido Ortega', NULL, NULL, '2026-01-29 21:06:54.719657+00', '2026-01-29 21:06:54.719657+00', '35786c3e-eb3e-4f7c-b907-e4e036aa4e10', NULL, NULL, NULL);


--
-- Data for Name: orders; Type: TABLE DATA; Schema: public; Owner: postgres
--

INSERT INTO "public"."orders" ("id", "order_number", "customer_id", "customer_email", "customer_name", "status", "subtotal", "shipping", "tax", "total", "shipping_address", "billing_address", "notes", "created_at", "updated_at") VALUES
	('df139b53-4923-4521-8c3b-c861c0159a90', 'ATL-ML2O4PVX', '945d2f68-6879-4793-9f26-003de5e38853', 'jo.ort22@gmail.com', 'Jose Ortega Guido', 'pending', 85, 12, 14, 111, '{"city": "Lerma de Villada", "address": "Privada Emiliano Zapata 1 int. 4", "country": "México", "postal_code": "52004"}', NULL, 'Legacy payment record (migrated before Mercado Pago)', '2026-01-31 18:51:40.977564+00', '2026-01-31 18:51:40.977564+00'),
	('83762aba-b9cb-4f27-8cbc-6ebf50e7e70b', 'ATL-ML9TFFQG', '945d2f68-6879-4793-9f26-003de5e38853', 'jo.ort22@gmail.com', 'Jose Ortega Guido', 'pending', 1025, 12, 164, 1201, '{"city": "Lerma de Villada", "address": "Privada Emiliano Zapata 1 int. 4", "country": "México", "postal_code": "52004"}', NULL, 'Legacy payment record (migrated before Mercado Pago)', '2026-02-05 18:54:22.387169+00', '2026-02-05 18:54:22.387169+00'),
	('0ceaaed9-f5d4-4cb1-822c-254f9de5145b', 'ATL-MLTZPA8D', '945d2f68-6879-4793-9f26-003de5e38853', 'jo.ort22@gmail.com', 'Jose Ortega Guido', 'pending', 85, 12000, 14, 12099, '{"city": "Lerma de Villada", "address": "Privada Emiliano Zapata 1 int. 4", "country": "Mexico", "postal_code": "52004"}', NULL, 'Legacy payment record (migrated before Mercado Pago)', '2026-02-19 21:45:24.115368+00', '2026-02-19 21:45:24.115368+00'),
	('0ca025f0-a152-44d7-ae90-717c39f859db', 'ATL-MLU04B9P', '945d2f68-6879-4793-9f26-003de5e38853', 'jo.ort22@gmail.com', 'Jose Ortega Guido', 'pending', 85, 12000, 14, 12099, '{"city": "Lerma de Villada", "address": "Privada Emiliano Zapata 1 int. 4", "country": "Mexico", "postal_code": "52004"}', NULL, 'Legacy payment record (migrated before Mercado Pago)', '2026-02-19 21:57:05.324778+00', '2026-02-19 21:57:05.324778+00'),
	('499196fe-73b9-4b0c-adf8-ea0db6ab53f5', 'ATL-MLU09ADD', '945d2f68-6879-4793-9f26-003de5e38853', 'jo.ort22@gmail.com', 'Jose Ortega Guido', 'pending', 85, 12000, 14, 12099, '{"city": "Lerma de Villada", "address": "Privada Emiliano Zapata 1 int. 4", "country": "Mexico", "postal_code": "52004"}', NULL, 'Legacy payment record (migrated before Mercado Pago)', '2026-02-19 22:00:57.387559+00', '2026-02-19 22:00:57.387559+00'),
	('936579f2-9fc9-44e9-9eb7-5dedefeba0de', 'ATL-MLU0B7F0', '945d2f68-6879-4793-9f26-003de5e38853', 'jo.ort22@gmail.com', 'Jose Ortega Guido', 'pending', 85, 12000, 14, 12099, '{"city": "Lerma de Villada", "address": "Privada Emiliano Zapata 1 int. 4", "country": "Mexico", "postal_code": "52004"}', NULL, 'Legacy payment record (migrated before Mercado Pago)', '2026-02-19 22:02:26.936303+00', '2026-02-19 22:02:26.936303+00'),
	('6f143219-5c1b-45db-a1fb-0211dfc450c7', 'ATL-MLU48DVL', '945d2f68-6879-4793-9f26-003de5e38853', 'jo.ort22@gmail.com', 'Jose Ortega Guido', 'pending', 85, 12000, 14, 12099, '{"city": "Lerma de Villada", "address": "Privada Emiliano Zapata 1 int. 4", "country": "Mexico", "postal_code": "52004"}', NULL, 'Legacy payment record (migrated before Mercado Pago)', '2026-02-19 23:52:13.80705+00', '2026-02-19 23:52:13.80705+00'),
	('c3072ae7-1f65-411a-9cac-f02aeb5e27e5', 'ATL-MLU4LCOC', '945d2f68-6879-4793-9f26-003de5e38853', 'jo.ort22@gmail.com', 'Jose Ortega Guido', 'pending', 85, 12000, 14, 12099, '{"city": "Lerma de Villada", "address": "Privada Emiliano Zapata 1 int. 4", "country": "Mexico", "postal_code": "52004"}', NULL, 'Legacy payment record (migrated before Mercado Pago)', '2026-02-20 00:02:18.844671+00', '2026-02-20 00:02:18.844671+00'),
	('b603f1c4-8352-401e-a87e-77e26faf6828', 'ATL-MLU5SFCZ', '945d2f68-6879-4793-9f26-003de5e38853', 'jo.ort22@gmail.com', 'Jose Ortega Guido', 'pending', 1025, 12000, 164, 13189, '{"city": "Lerma de Villada", "address": "Privada Emiliano Zapata 1 int. 4", "country": "México", "postal_code": "52004"}', NULL, 'Legacy payment record (migrated before Mercado Pago)', '2026-02-20 00:35:48.466952+00', '2026-02-20 00:35:48.466952+00'),
	('18e3da12-fbef-45f5-98af-973bc15389cc', 'ATL-MLU6HYN0', '945d2f68-6879-4793-9f26-003de5e38853', 'jo.ort22@gmail.com', 'Jose Ortega Guido', 'pending', 85, 12000, 14, 12099, '{"city": "Lerma de Villada", "address": "Privada Emiliano Zapata 1 int. 4", "country": "México", "postal_code": "52004"}', NULL, 'Legacy payment record (migrated before Mercado Pago)', '2026-02-20 00:55:39.914855+00', '2026-02-20 00:55:39.914855+00'),
	('42520cf2-b7dd-4623-ab87-9b494bbf759e', 'ATL-MLU6LHIG', '945d2f68-6879-4793-9f26-003de5e38853', 'jo.ort22@gmail.com', 'Jose Ortega Guido', 'pending', 85, 12000, 14, 12099, '{"city": "Lerma de Villada", "address": "Privada Emiliano Zapata 1 int. 4", "country": "México", "postal_code": "52004"}', NULL, 'Legacy payment record (migrated before Mercado Pago)', '2026-02-20 00:58:24.291879+00', '2026-02-20 00:58:24.291879+00'),
	('9653606c-de23-4534-b40e-9a5bb599f9fe', 'ATL-MLU812YD', '945d2f68-6879-4793-9f26-003de5e38853', 'jo.ort22@gmail.com', 'Jose Ortega Guido', 'pending', 490, 12000, 78, 12568, '{"city": "Lerma de Villada", "address": "Privada Emiliano Zapata 1 int. 4", "country": "México", "postal_code": "52004"}', NULL, 'Legacy payment record (migrated before Mercado Pago)', '2026-02-20 01:38:31.55251+00', '2026-02-20 01:38:31.55251+00'),
	('9389b9ad-e07b-4b87-af3d-ac638f2eb042', 'ATL-MLU87D6V', '945d2f68-6879-4793-9f26-003de5e38853', 'jo.ort22@gmail.com', 'Jose Ortega Guido', 'pending', 85, 12000, 14, 12099, '{"city": "Lerma de Villada", "address": "Privada Emiliano Zapata 1 int. 4", "country": "México", "postal_code": "52004"}', NULL, 'Legacy payment record (migrated before Mercado Pago)', '2026-02-20 01:43:24.766838+00', '2026-02-20 01:43:24.766838+00'),
	('584f0494-633b-43d4-a551-4fe73e5dfcf6', 'ATL-MLU9OSYJ', '945d2f68-6879-4793-9f26-003de5e38853', 'jo.ort22@gmail.com', 'Jose Ortega Guido', 'pending', 695, 12000, 111, 12806, '{"city": "Lerma de Villada", "address": "Privada Emiliano Zapata 1 int. 4", "country": "México", "postal_code": "52004"}', NULL, 'Legacy payment record (migrated before Mercado Pago)', '2026-02-20 02:24:57.893885+00', '2026-02-20 02:24:57.893885+00'),
	('6faa16c9-5149-49ee-8d2d-d6776f0b453b', 'ATL-MLU9VQLM', '945d2f68-6879-4793-9f26-003de5e38853', 'jo.ort22@gmail.com', 'Jose Ortega Guido', 'pending', 695, 12000, 111, 12806, '{"city": "Lerma de Villada", "address": "Privada Emiliano Zapata 1 int. 4", "country": "México", "postal_code": "52004"}', NULL, 'Legacy payment record (migrated before Mercado Pago)', '2026-02-20 02:30:21.426735+00', '2026-02-20 02:30:21.426735+00'),
	('6a04d0bf-518d-47dd-9ba1-a6f59b365cdd', 'ATL-MLU9YFVS', '945d2f68-6879-4793-9f26-003de5e38853', 'jo.ort22@gmail.com', 'Jose Ortega Guido', 'pending', 245, 12000, 39, 12284, '{"city": "Lerma de Villada", "address": "Privada Emiliano Zapata 1 int. 4", "country": "México", "postal_code": "52004"}', NULL, 'Legacy payment record (migrated before Mercado Pago)', '2026-02-20 02:32:27.500415+00', '2026-02-20 02:32:27.500415+00'),
	('6d703d87-ed18-49bd-b657-b6d8e361730d', 'ATL-MLUA2HU0', '945d2f68-6879-4793-9f26-003de5e38853', 'jo.ort22@gmail.com', 'Jose Ortega Guido', 'pending', 245, 12000, 39, 12284, '{"city": "Lerma de Villada", "address": "Privada Emiliano Zapata 1 int. 4", "country": "México", "postal_code": "52004"}', NULL, 'Legacy payment record (migrated before Mercado Pago)', '2026-02-20 02:35:36.661678+00', '2026-02-20 02:35:36.661678+00'),
	('b40d05cf-c039-4f57-9a05-f8a9ec402fb2', 'ATL-MLUD2HSG', '945d2f68-6879-4793-9f26-003de5e38853', 'jo.ort22@gmail.com', 'Jose Ortega Guido', 'pending', 85, 12000, 14, 12099, '{"city": "Lerma de Villada", "address": "Privada Emiliano Zapata 1 int. 4", "country": "Mexico", "postal_code": "52004"}', NULL, 'Legacy payment record (migrated before Mercado Pago)', '2026-02-20 03:59:35.893758+00', '2026-02-20 03:59:35.893758+00'),
	('dfcced94-2625-4b19-8c9e-2f8d645ad695', 'ATL-MLUEHGB5', '945d2f68-6879-4793-9f26-003de5e38853', 'jo.ort22@gmail.com', 'Jose Ortega Guido', 'pending', 695, 12000, 111, 12806, '{"city": "Lerma de Villada", "address": "Privada Emiliano Zapata 1 int. 4", "country": "México", "postal_code": "52004"}', NULL, 'Legacy payment record (migrated before Mercado Pago)', '2026-02-20 04:39:13.42502+00', '2026-02-20 04:39:13.42502+00'),
	('76095d61-c5cf-4b5d-9df5-9ab69bd016f5', 'ATL-MLUEXH37', '945d2f68-6879-4793-9f26-003de5e38853', 'jo.ort22@gmail.com', 'Jose Ortega Guido', 'pending', 1025, 12000, 164, 13189, '{"city": "Lerma de Villada", "address": "Privada Emiliano Zapata 1 int. 4", "country": "Mexico", "postal_code": "52004"}', NULL, 'Legacy payment record (migrated before Mercado Pago)', '2026-02-20 04:51:40.939583+00', '2026-02-20 04:51:40.939583+00'),
	('413af124-041d-49c1-8d3b-11188cc54fcb', 'ATL-MLUF4XZT', '945d2f68-6879-4793-9f26-003de5e38853', 'jo.ort22@gmail.com', 'Jose Ortega Guido', 'pending', 165, 12000, 26, 12191, '{"city": "Lerma de Villada", "address": "Privada Emiliano Zapata 1 int. 4", "country": "México", "postal_code": "52004"}', NULL, 'Legacy payment record (migrated before Mercado Pago)', '2026-02-20 04:57:29.43925+00', '2026-02-20 04:57:29.43925+00'),
	('1293d51a-e9b9-49dc-a17f-3f0ee33e1d70', 'ATL-MM135NX9', '945d2f68-6879-4793-9f26-003de5e38853', 'jo.ort22@gmail.com', 'Jose Ortega Guido', 'pending', 85, 12000, 14, 12099, '{"city": "Lerma de Villada", "address": "Privada Emiliano Zapata 1 int. 4", "country": "México", "postal_code": "52004"}', NULL, 'Mercado Pago Method: transfer', '2026-02-24 20:56:29.870589+00', '2026-02-24 20:56:29.870589+00'),
	('dfba2e79-96a3-448c-ba0c-76fa52f47b50', 'ATL-MM13B0ZY', '945d2f68-6879-4793-9f26-003de5e38853', 'jo.ort22@gmail.com', 'Jose Ortega Guido', 'pending', 85, 12000, 14, 12099, '{"city": "Lerma de Villada", "address": "Privada Emiliano Zapata 1 int. 4", "country": "México", "postal_code": "52004"}', NULL, 'Mercado Pago Method: transfer', '2026-02-24 21:00:40.076192+00', '2026-02-24 21:00:40.076192+00'),
	('359e20ca-cefc-4309-9c55-eeb5a627c428', 'ATL-MM13F02F', '945d2f68-6879-4793-9f26-003de5e38853', 'jo.ort22@gmail.com', 'Jose Ortega Guido', 'pending', 85, 12000, 14, 12099, '{"city": "Lerma de Villada", "address": "Privada Emiliano Zapata 1 int. 4", "country": "México", "postal_code": "52004"}', NULL, 'Mercado Pago Method: transfer', '2026-02-24 21:03:45.497697+00', '2026-02-24 21:03:45.497697+00'),
	('4d30a722-6dea-4045-8b62-23e689e279c0', 'ATL-MM13LIM2', '945d2f68-6879-4793-9f26-003de5e38853', 'jo.ort22@gmail.com', 'Jose Ortega Guido', 'pending', 85, 12000, 14, 12099, '{"city": "Lerma de Villada", "address": "Privada Emiliano Zapata 1 int. 4", "country": "México", "postal_code": "52004"}', NULL, 'Mercado Pago Method: transfer', '2026-02-24 21:08:49.461027+00', '2026-02-24 21:08:49.461027+00'),
	('a65ca94f-01db-41ce-a940-ca360b3e07c2', 'ATL-MM13Q221', '945d2f68-6879-4793-9f26-003de5e38853', 'jo.ort22@gmail.com', 'Jose Ortega Guido', 'pending', 85, 12000, 14, 12099, '{"city": "Lerma de Villada", "address": "Privada Emiliano Zapata 1 int. 4", "country": "México", "postal_code": "52004"}', NULL, 'Mercado Pago Method: transfer', '2026-02-24 21:12:21.299103+00', '2026-02-24 21:12:21.299103+00'),
	('c2b7a114-6ea7-46a8-ad0a-d2c6aba3a12a', 'ATL-MM13TA6G', '945d2f68-6879-4793-9f26-003de5e38853', 'jo.ort22@gmail.com', 'Jose Ortega Guido', 'pending', 85, 12000, 14, 12099, '{"city": "Lerma de Villada", "address": "Privada Emiliano Zapata 1 int. 4", "country": "México", "postal_code": "52004"}', NULL, 'Mercado Pago Method: transfer', '2026-02-24 21:14:51.81552+00', '2026-02-24 21:14:51.81552+00'),
	('67dde417-04e6-44a1-9d4d-55dfac259ea4', 'ATL-MM13XFYI', '945d2f68-6879-4793-9f26-003de5e38853', 'jo.ort22@gmail.com', 'Jose Ortega Guido', 'pending', 85, 12000, 14, 12099, '{"city": "Lerma de Villada", "address": "Privada Emiliano Zapata 1 int. 4", "country": "México", "postal_code": "52004"}', NULL, 'Mercado Pago Method: transfer', '2026-02-24 21:18:05.900455+00', '2026-02-24 21:18:05.900455+00'),
	('51232871-4016-48a3-b576-f80a74dd7cfa', 'ATL-MM1418NO', '945d2f68-6879-4793-9f26-003de5e38853', 'jo.ort22@gmail.com', 'Jose Ortega Guido', 'pending', 85, 12000, 14, 12099, '{"city": "Lerma de Villada", "address": "Privada Emiliano Zapata 1 int. 4", "country": "México", "postal_code": "52004"}', NULL, 'Mercado Pago Method: transfer', '2026-02-24 21:21:03.062895+00', '2026-02-24 21:21:03.062895+00'),
	('48efcc29-5b67-4787-a271-392399a6d6a1', 'ATL-MM146KS0', '945d2f68-6879-4793-9f26-003de5e38853', 'jo.ort22@gmail.com', 'Jose Ortega Guido', 'pending', 245, 12000, 39, 12284, '{"city": "Lerma de Villada", "address": "Privada Emiliano Zapata 1 int. 4", "country": "México", "postal_code": "52004"}', NULL, 'Mercado Pago Method: transfer', '2026-02-24 21:25:12.06681+00', '2026-02-24 21:25:12.06681+00'),
	('342d0a8e-13a2-40dd-81f5-e1ff87e8412d', 'ATL-MM14HVY7', '945d2f68-6879-4793-9f26-003de5e38853', 'jo.ort22@gmail.com', 'Jose Ortega Guido', 'pending', 245, 12000, 39, 12284, '{"city": "Lerma de Villada", "address": "Privada Emiliano Zapata 1 int. 4", "country": "México", "postal_code": "52004"}', NULL, 'Mercado Pago Method: cash', '2026-02-24 21:33:59.776799+00', '2026-02-24 21:33:59.776799+00'),
	('1c5d2e1d-fc68-4fc0-af44-065847c9fb78', 'ATL-MM14KWWN', '945d2f68-6879-4793-9f26-003de5e38853', 'jo.ort22@gmail.com', 'Jose Ortega Guido', 'pending', 165, 12000, 26, 12191, '{"city": "Lerma de Villada", "address": "Privada Emiliano Zapata 1 int. 4", "country": "México", "postal_code": "52004"}', NULL, 'Mercado Pago Method: cash', '2026-02-24 21:36:20.955378+00', '2026-02-24 21:36:20.955378+00'),
	('3312a422-a02e-44e6-b1a5-31850625653f', 'ATL-MM14UEMO', '945d2f68-6879-4793-9f26-003de5e38853', 'jo.ort22@gmail.com', 'Jose Ortega Guido', 'pending', 245, 12000, 39, 12284, '{"city": "Lerma de Villada", "address": "Privada Emiliano Zapata 1 int. 4", "country": "México", "postal_code": "52004"}', NULL, 'Mercado Pago Method: cash', '2026-02-24 21:43:43.854292+00', '2026-02-24 21:43:43.854292+00'),
	('216a2244-694c-4672-a139-ba5697f47a47', 'ATL-MM14X58X', '945d2f68-6879-4793-9f26-003de5e38853', 'jo.ort22@gmail.com', 'Jose Ortega Guido', 'pending', 695, 12000, 111, 12806, '{"city": "Lerma de Villada", "address": "Privada Emiliano Zapata 1 int. 4", "country": "México", "postal_code": "52004"}', NULL, 'Mercado Pago Method: cash', '2026-02-24 21:45:51.646935+00', '2026-02-24 21:45:51.646935+00'),
	('e194e456-5d17-4934-b1c8-5790d5429140', 'ATL-MM156VC5', '945d2f68-6879-4793-9f26-003de5e38853', 'jo.ort22@gmail.com', 'Jose Ortega Guido', 'pending', 145, 12000, 23, 12168, '{"city": "Lerma de Villada", "address": "Privada Emiliano Zapata 1 int. 4", "country": "México", "postal_code": "52004"}', NULL, 'Mercado Pago Method: cash', '2026-02-24 21:53:25.419698+00', '2026-02-24 21:53:25.419698+00'),
	('95dac80a-c81d-4ba6-8756-c3ac437c8e35', 'ATL-MM15ANNR', '945d2f68-6879-4793-9f26-003de5e38853', 'jo.ort22@gmail.com', 'Jose Ortega Guido', 'pending', 425, 12000, 68, 12493, '{"city": "Lerma de Villada", "address": "Privada Emiliano Zapata 1 int. 4", "country": "México", "postal_code": "52004"}', NULL, 'Mercado Pago Method: cash', '2026-02-24 21:56:22.049344+00', '2026-02-24 21:56:22.049344+00'),
	('4ab5fef8-975e-4a9c-a9b3-e3ef959d2a8b', 'ATL-MM1AIZDQ', '945d2f68-6879-4793-9f26-003de5e38853', 'jo.ort22@gmail.com', 'Jose Ortega Guido', 'pending', 145, 12000, 23, 12168, '{"city": "Lerma de Villada", "address": "Privada Emiliano Zapata 1 int. 4", "country": "México", "postal_code": "52004"}', NULL, 'Mercado Pago Method: card', '2026-02-25 00:22:48.667592+00', '2026-02-25 00:22:48.667592+00'),
	('3a6eec59-afde-4bce-8111-2ef4133391aa', 'ATL-MM1ANKKV', '945d2f68-6879-4793-9f26-003de5e38853', 'jo.ort22@gmail.com', 'Jose Ortega Guido', 'pending', 85, 12000, 14, 12099, '{"city": "Lerma de Villada", "address": "Privada Emiliano Zapata 1 int. 4", "country": "México", "postal_code": "52004"}', NULL, 'Mercado Pago Method: card', '2026-02-25 00:26:22.704612+00', '2026-02-25 00:26:22.704612+00'),
	('10dd203c-128f-4b4f-b91a-54d5ebf7f94f', 'ATL-MM1AQAZ4', '945d2f68-6879-4793-9f26-003de5e38853', 'jo.ort22@gmail.com', 'Jose Ortega Guido', 'pending', 245, 12000, 39, 12284, '{"city": "Lerma de Villada", "address": "Privada Emiliano Zapata 1 int. 4", "country": "México", "postal_code": "52004"}', NULL, 'Mercado Pago Method: cash', '2026-02-25 00:28:30.19307+00', '2026-02-25 00:28:30.19307+00'),
	('a64b2548-6b31-4ed4-a20e-8078e48d99fc', 'ATL-MM1CGVA6', '945d2f68-6879-4793-9f26-003de5e38853', 'jo.ort22@gmail.com', 'Jose Ortega Guido', 'pending', 165, 12000, 26, 12191, '{"city": "Lerma de Villada", "address": "Privada Emiliano Zapata 1 int. 4", "country": "México", "postal_code": "52004"}', NULL, 'Mercado Pago Method: transfer', '2026-02-25 01:17:09.294325+00', '2026-02-25 01:17:09.294325+00');


--
-- Data for Name: products; Type: TABLE DATA; Schema: public; Owner: postgres
--

INSERT INTO "public"."products" ("id", "sku", "name", "slug", "description", "price", "status", "category_id", "main_image", "gallery", "featured", "variants", "created_at", "updated_at") VALUES
	('a1a00000-0000-0000-0000-000000000001', 'ATL-ESS-001', 'Relaxed Cotton Tee', 'relaxed-cotton-tee', 'A perfectly weighted cotton t-shirt with a relaxed fit. Crafted from premium organic cotton with a subtle texture. The ideal foundation piece.', 85, 'active', 'c1a00000-0000-0000-0000-000000000001', 'https://images.unsplash.com/photo-1521572163474-6864f9cf17ab?w=800&q=80', '{https://images.unsplash.com/photo-1521572163474-6864f9cf17ab?w=800&q=80,https://images.unsplash.com/photo-1583743814966-8936f5b7be1a?w=800&q=80,https://images.unsplash.com/photo-1562157873-818bc0726f68?w=800&q=80}', true, '{"sizes": ["XS", "S", "M", "L", "XL"], "colors": [{"name": "White", "value": "#ffffff"}, {"name": "Black", "value": "#1a1a1a"}, {"name": "Stone", "value": "#d4c5a9"}]}', '2026-01-29 18:30:26.050239+00', '2026-01-31 19:30:19.150659+00'),
	('a1a00000-0000-0000-0000-000000000002', 'ATL-ESS-002', 'Merino Wool Sweater', 'merino-wool-sweater', 'Exceptionally soft merino wool in a timeless silhouette. Temperature regulating and naturally breathable. Made to last generations.', 245, 'active', 'c1a00000-0000-0000-0000-000000000001', 'https://images.unsplash.com/photo-1434389677669-e08b4cac3105?w=800&q=80', '{https://images.unsplash.com/photo-1434389677669-e08b4cac3105?w=800&q=80,https://images.unsplash.com/photo-1576566588028-4147f3842f27?w=800&q=80,https://images.unsplash.com/photo-1620799140408-edc6dcb6d633?w=800&q=80}', true, '{"sizes": ["XS", "S", "M", "L", "XL"], "colors": [{"name": "Charcoal", "value": "#36454f"}, {"name": "Oatmeal", "value": "#d4c5a9"}, {"name": "Navy", "value": "#1e3a5f"}]}', '2026-01-29 18:30:26.050239+00', '2026-01-31 19:30:32.498181+00'),
	('a1a00000-0000-0000-0000-000000000003', 'ATL-OUT-001', 'Wool Blend Overcoat', 'wool-blend-overcoat', 'A refined overcoat in substantial Italian wool blend. Clean lines and impeccable construction. The ultimate outer layer.', 695, 'active', 'c1a00000-0000-0000-0000-000000000002', 'https://images.unsplash.com/photo-1539533018447-63fcce2678e3?w=800&q=80', '{https://images.unsplash.com/photo-1539533018447-63fcce2678e3?w=800&q=80,https://images.unsplash.com/photo-1544923246-77307dd628b5?w=800&q=80,https://images.unsplash.com/photo-1507003211169-0a1dd7228f2d?w=800&q=80}', true, '{"sizes": ["S", "M", "L", "XL"], "colors": [{"name": "Black", "value": "#1a1a1a"}, {"name": "Camel", "value": "#c19a6b"}, {"name": "Charcoal", "value": "#36454f"}]}', '2026-01-29 18:30:26.050239+00', '2026-01-31 19:30:44.79616+00'),
	('a1a00000-0000-0000-0000-000000000008', 'ATL-ESS-004', 'Tailored Chinos', 'tailored-chinos', 'Impeccably tailored chinos in brushed cotton twill. Sits at the waist with a tapered leg.', 145, 'active', 'c1a00000-0000-0000-0000-000000000001', 'https://images.unsplash.com/photo-1473966968600-fa801b869a1a?w=800&q=80', NULL, false, '{"sizes": ["28", "30", "32", "34", "36"], "colors": [{"name": "Khaki", "value": "#c3b091"}, {"name": "Navy", "value": "#1e3a5f"}, {"name": "Olive", "value": "#556b2f"}]}', '2026-01-29 18:30:26.050239+00', '2026-01-31 19:30:54.896628+00'),
	('a1a00000-0000-0000-0000-000000000007', 'ATL-ACC-002', 'Cashmere Scarf', 'cashmere-scarf', 'Pure Mongolian cashmere in a generous size. Impossibly soft and surprisingly warm.', 195, 'active', 'c1a00000-0000-0000-0000-000000000003', 'https://images.unsplash.com/photo-1520903920243-00d872a2d1c9?w=800&q=80', NULL, false, '{"sizes": [], "colors": [{"name": "Camel", "value": "#c19a6b"}, {"name": "Grey", "value": "#808080"}, {"name": "Navy", "value": "#1e3a5f"}]}', '2026-01-29 18:30:26.050239+00', '2026-01-31 19:31:03.729805+00'),
	('a1a00000-0000-0000-0000-000000000006', 'ATL-OUT-002', 'Quilted Jacket', 'quilted-jacket', 'Lightweight quilted jacket with premium down fill. Water-resistant outer and elegant diamond pattern.', 425, 'active', 'c1a00000-0000-0000-0000-000000000002', 'https://images.unsplash.com/photo-1591047139829-d91aecb6caea?w=800&q=80', NULL, false, '{"sizes": ["S", "M", "L", "XL"], "colors": [{"name": "Navy", "value": "#1e3a5f"}, {"name": "Olive", "value": "#556b2f"}]}', '2026-01-29 18:30:26.050239+00', '2026-01-31 19:31:17.762629+00'),
	('a1a00000-0000-0000-0000-000000000005', 'ATL-ESS-003', 'Oxford Shirt', 'oxford-shirt', 'Classic oxford cloth in a modern fit. Versatile enough for the office or weekend. Button-down collar with subtle roll.', 165, 'active', 'c1a00000-0000-0000-0000-000000000001', 'https://images.unsplash.com/photo-1602810318383-e386cc2a3ccf?w=800&q=80', NULL, false, '{"sizes": ["XS", "S", "M", "L", "XL"], "colors": [{"name": "White", "value": "#ffffff"}, {"name": "Light Blue", "value": "#add8e6"}, {"name": "Pink", "value": "#ffc0cb"}]}', '2026-01-29 18:30:26.050239+00', '2026-01-31 19:31:27.202768+00'),
	('a1a00000-0000-0000-0000-000000000004', 'ATL-ACC-001', 'Leather Belt', 'leather-belt', 'Full-grain Italian leather with brushed brass hardware. A refined essential that improves with age.', 125, 'archived', 'c1a00000-0000-0000-0000-000000000003', 'https://images.unsplash.com/photo-1553062407-98eeb64c6a62?w=800&q=80', NULL, false, '{"sizes": ["30", "32", "34", "36", "38"], "colors": [{"name": "Black", "value": "#1a1a1a"}, {"name": "Brown", "value": "#8b4513"}]}', '2026-01-29 18:30:26.050239+00', '2026-01-31 19:32:12.980812+00');


--
-- Data for Name: order_items; Type: TABLE DATA; Schema: public; Owner: postgres
--

INSERT INTO "public"."order_items" ("id", "order_id", "product_id", "product_name", "product_sku", "product_image", "quantity", "unit_price", "total_price", "variant_size", "variant_color", "created_at") VALUES
	('70a34e09-a256-4e0f-8434-a2abc56cf5d4', 'df139b53-4923-4521-8c3b-c861c0159a90', 'a1a00000-0000-0000-0000-000000000001', 'Relaxed Cotton Tee', 'a1a00000-0000-0000-0000-000000000001', NULL, 1, 8500, 8500, 'L', 'Stone', '2026-01-31 18:51:41.095574+00'),
	('a0fe6b9f-661a-4893-b807-19a102096816', '83762aba-b9cb-4f27-8cbc-6ebf50e7e70b', 'a1a00000-0000-0000-0000-000000000001', 'Relaxed Cotton Tee', 'a1a00000-0000-0000-0000-000000000001', 'https://images.unsplash.com/photo-1521572163474-6864f9cf17ab?w=800&q=80', 1, 85, 85, 'L', 'Stone', '2026-02-05 18:54:22.576167+00'),
	('50a53581-efeb-4dc1-b277-65b36b24bb2b', '83762aba-b9cb-4f27-8cbc-6ebf50e7e70b', 'a1a00000-0000-0000-0000-000000000003', 'Wool Blend Overcoat', 'a1a00000-0000-0000-0000-000000000003', 'https://images.unsplash.com/photo-1539533018447-63fcce2678e3?w=800&q=80', 1, 695, 695, 'XL', 'Charcoal', '2026-02-05 18:54:22.576167+00'),
	('823b9b8c-b4f1-4092-80a2-a70b6f2e6a2e', '83762aba-b9cb-4f27-8cbc-6ebf50e7e70b', 'a1a00000-0000-0000-0000-000000000002', 'Merino Wool Sweater', 'a1a00000-0000-0000-0000-000000000002', 'https://images.unsplash.com/photo-1434389677669-e08b4cac3105?w=800&q=80', 1, 245, 245, 'M', 'Oatmeal', '2026-02-05 18:54:22.576167+00'),
	('af9252e5-5781-46db-aa39-d9265d55d30a', '0ceaaed9-f5d4-4cb1-822c-254f9de5145b', 'a1a00000-0000-0000-0000-000000000001', 'Relaxed Cotton Tee', 'a1a00000-0000-0000-0000-000000000001', 'https://images.unsplash.com/photo-1521572163474-6864f9cf17ab?w=800&q=80', 1, 85, 85, 'L', 'Stone', '2026-02-19 21:45:24.430554+00'),
	('e74d97fa-0b92-4963-b01b-fa7097a5d849', '0ca025f0-a152-44d7-ae90-717c39f859db', 'a1a00000-0000-0000-0000-000000000001', 'Relaxed Cotton Tee', 'a1a00000-0000-0000-0000-000000000001', 'https://images.unsplash.com/photo-1521572163474-6864f9cf17ab?w=800&q=80', 1, 85, 85, 'L', 'Stone', '2026-02-19 21:57:05.609235+00'),
	('d147d8f3-34a3-44a8-bac8-d25d6caaf901', '499196fe-73b9-4b0c-adf8-ea0db6ab53f5', 'a1a00000-0000-0000-0000-000000000001', 'Relaxed Cotton Tee', 'a1a00000-0000-0000-0000-000000000001', 'https://images.unsplash.com/photo-1521572163474-6864f9cf17ab?w=800&q=80', 1, 85, 85, 'L', 'Stone', '2026-02-19 22:00:57.673697+00'),
	('284361a3-c176-4514-9ec1-dda6d24d6f88', '936579f2-9fc9-44e9-9eb7-5dedefeba0de', 'a1a00000-0000-0000-0000-000000000001', 'Relaxed Cotton Tee', 'a1a00000-0000-0000-0000-000000000001', 'https://images.unsplash.com/photo-1521572163474-6864f9cf17ab?w=800&q=80', 1, 85, 85, 'L', 'Stone', '2026-02-19 22:02:27.183083+00'),
	('c4f8fc61-6bc9-4442-a881-254b3e8c689a', '6f143219-5c1b-45db-a1fb-0211dfc450c7', 'a1a00000-0000-0000-0000-000000000001', 'Relaxed Cotton Tee', 'a1a00000-0000-0000-0000-000000000001', 'https://images.unsplash.com/photo-1521572163474-6864f9cf17ab?w=800&q=80', 1, 85, 85, 'L', 'Stone', '2026-02-19 23:52:14.088223+00'),
	('2b557ef9-a755-4355-928a-124dfa2737e3', 'c3072ae7-1f65-411a-9cac-f02aeb5e27e5', 'a1a00000-0000-0000-0000-000000000001', 'Relaxed Cotton Tee', 'a1a00000-0000-0000-0000-000000000001', 'https://images.unsplash.com/photo-1521572163474-6864f9cf17ab?w=800&q=80', 1, 85, 85, 'L', 'Stone', '2026-02-20 00:02:19.129275+00'),
	('c04681c0-0d00-47d9-970d-102aaaf1c097', 'b603f1c4-8352-401e-a87e-77e26faf6828', 'a1a00000-0000-0000-0000-000000000001', 'Relaxed Cotton Tee', 'a1a00000-0000-0000-0000-000000000001', 'https://images.unsplash.com/photo-1521572163474-6864f9cf17ab?w=800&q=80', 1, 85, 85, 'L', 'Stone', '2026-02-20 00:35:48.822076+00'),
	('570e6fa2-3d72-4f6b-b7c8-42c73ccfc707', 'b603f1c4-8352-401e-a87e-77e26faf6828', 'a1a00000-0000-0000-0000-000000000003', 'Wool Blend Overcoat', 'a1a00000-0000-0000-0000-000000000003', 'https://images.unsplash.com/photo-1539533018447-63fcce2678e3?w=800&q=80', 1, 695, 695, 'XL', 'Charcoal', '2026-02-20 00:35:48.822076+00'),
	('c0e46760-7889-4f55-a9ab-e9a23c368fd4', 'b603f1c4-8352-401e-a87e-77e26faf6828', 'a1a00000-0000-0000-0000-000000000002', 'Merino Wool Sweater', 'a1a00000-0000-0000-0000-000000000002', 'https://images.unsplash.com/photo-1434389677669-e08b4cac3105?w=800&q=80', 1, 245, 245, 'M', 'Oatmeal', '2026-02-20 00:35:48.822076+00'),
	('8bf16233-559c-436b-86bd-e021efdebff1', '18e3da12-fbef-45f5-98af-973bc15389cc', 'a1a00000-0000-0000-0000-000000000001', 'Relaxed Cotton Tee', 'a1a00000-0000-0000-0000-000000000001', 'https://images.unsplash.com/photo-1521572163474-6864f9cf17ab?w=800&q=80', 1, 85, 85, 'XL', 'Stone', '2026-02-20 00:55:40.171093+00'),
	('3a47b4b9-4096-4e7f-9216-0c551b10887d', '42520cf2-b7dd-4623-ab87-9b494bbf759e', 'a1a00000-0000-0000-0000-000000000001', 'Relaxed Cotton Tee', 'a1a00000-0000-0000-0000-000000000001', 'https://images.unsplash.com/photo-1521572163474-6864f9cf17ab?w=800&q=80', 1, 85, 85, 'XL', 'Stone', '2026-02-20 00:58:24.568225+00'),
	('2bdf0ca1-81c5-4402-bf2a-e6d1b86248fa', '9653606c-de23-4534-b40e-9a5bb599f9fe', 'a1a00000-0000-0000-0000-000000000002', 'Merino Wool Sweater', 'a1a00000-0000-0000-0000-000000000002', 'https://images.unsplash.com/photo-1434389677669-e08b4cac3105?w=800&q=80', 2, 245, 490, 'L', 'Navy', '2026-02-20 01:38:31.890229+00'),
	('dc29fbe0-6b9e-438d-9d8f-326283fa8c3b', '9389b9ad-e07b-4b87-af3d-ac638f2eb042', 'a1a00000-0000-0000-0000-000000000001', 'Relaxed Cotton Tee', 'a1a00000-0000-0000-0000-000000000001', 'https://images.unsplash.com/photo-1521572163474-6864f9cf17ab?w=800&q=80', 1, 85, 85, 'XL', 'Stone', '2026-02-20 01:43:25.050497+00'),
	('d32e1f90-96a8-459a-a5ff-d05e30a5ce09', '584f0494-633b-43d4-a551-4fe73e5dfcf6', 'a1a00000-0000-0000-0000-000000000003', 'Wool Blend Overcoat', 'a1a00000-0000-0000-0000-000000000003', 'https://images.unsplash.com/photo-1539533018447-63fcce2678e3?w=800&q=80', 1, 695, 695, 'XL', 'Camel', '2026-02-20 02:24:58.002941+00'),
	('dd4b5d30-861d-4c1b-b6e5-f83e1c70ea21', '6faa16c9-5149-49ee-8d2d-d6776f0b453b', 'a1a00000-0000-0000-0000-000000000003', 'Wool Blend Overcoat', 'a1a00000-0000-0000-0000-000000000003', 'https://images.unsplash.com/photo-1539533018447-63fcce2678e3?w=800&q=80', 1, 695, 695, 'XL', 'Charcoal', '2026-02-20 02:30:21.553265+00'),
	('853f40e0-14f5-4920-bf74-405ebcf73cd8', '6a04d0bf-518d-47dd-9ba1-a6f59b365cdd', 'a1a00000-0000-0000-0000-000000000002', 'Merino Wool Sweater', 'a1a00000-0000-0000-0000-000000000002', 'https://images.unsplash.com/photo-1434389677669-e08b4cac3105?w=800&q=80', 1, 245, 245, 'XL', 'Navy', '2026-02-20 02:32:27.613761+00'),
	('f3a2aeb6-bef7-4301-a6c6-8b8d1d44c703', '6d703d87-ed18-49bd-b657-b6d8e361730d', 'a1a00000-0000-0000-0000-000000000002', 'Merino Wool Sweater', 'a1a00000-0000-0000-0000-000000000002', 'https://images.unsplash.com/photo-1434389677669-e08b4cac3105?w=800&q=80', 1, 245, 245, 'XL', 'Navy', '2026-02-20 02:35:36.784647+00'),
	('05e9660c-4d45-45cc-9fa0-ea27facaf456', 'b40d05cf-c039-4f57-9a05-f8a9ec402fb2', 'a1a00000-0000-0000-0000-000000000001', 'Relaxed Cotton Tee', 'a1a00000-0000-0000-0000-000000000001', 'https://images.unsplash.com/photo-1521572163474-6864f9cf17ab?w=800&q=80', 1, 85, 85, 'XL', 'Stone', '2026-02-20 03:59:36.197032+00'),
	('0f2bab33-5c43-4212-a768-844fc7bac0f8', 'dfcced94-2625-4b19-8c9e-2f8d645ad695', 'a1a00000-0000-0000-0000-000000000003', 'Wool Blend Overcoat', 'a1a00000-0000-0000-0000-000000000003', 'https://images.unsplash.com/photo-1539533018447-63fcce2678e3?w=800&q=80', 1, 695, 695, 'L', 'Camel', '2026-02-20 04:39:13.54835+00'),
	('45190da5-acd4-4eab-ba39-98bdccdf855d', '76095d61-c5cf-4b5d-9df5-9ab69bd016f5', 'a1a00000-0000-0000-0000-000000000001', 'Relaxed Cotton Tee', 'a1a00000-0000-0000-0000-000000000001', 'https://images.unsplash.com/photo-1521572163474-6864f9cf17ab?w=800&q=80', 1, 85, 85, 'L', 'Stone', '2026-02-20 04:51:41.072908+00'),
	('241ab6ca-132c-483d-b675-d77f273771bd', '76095d61-c5cf-4b5d-9df5-9ab69bd016f5', 'a1a00000-0000-0000-0000-000000000003', 'Wool Blend Overcoat', 'a1a00000-0000-0000-0000-000000000003', 'https://images.unsplash.com/photo-1539533018447-63fcce2678e3?w=800&q=80', 1, 695, 695, 'XL', 'Charcoal', '2026-02-20 04:51:41.072908+00'),
	('77670e62-cf40-4125-af8b-50641efac958', '76095d61-c5cf-4b5d-9df5-9ab69bd016f5', 'a1a00000-0000-0000-0000-000000000002', 'Merino Wool Sweater', 'a1a00000-0000-0000-0000-000000000002', 'https://images.unsplash.com/photo-1434389677669-e08b4cac3105?w=800&q=80', 1, 245, 245, 'M', 'Oatmeal', '2026-02-20 04:51:41.072908+00'),
	('fab743f6-6aa7-4fab-830f-96991d366834', '413af124-041d-49c1-8d3b-11188cc54fcb', 'a1a00000-0000-0000-0000-000000000005', 'Oxford Shirt', 'a1a00000-0000-0000-0000-000000000005', 'https://images.unsplash.com/photo-1602810318383-e386cc2a3ccf?w=800&q=80', 1, 165, 165, 'XL', 'Pink', '2026-02-20 04:57:29.556315+00'),
	('6186b49a-b297-4e24-8959-157a8e6da97e', '1293d51a-e9b9-49dc-a17f-3f0ee33e1d70', 'a1a00000-0000-0000-0000-000000000001', 'Relaxed Cotton Tee', 'a1a00000-0000-0000-0000-000000000001', 'https://images.unsplash.com/photo-1521572163474-6864f9cf17ab?w=800&q=80', 1, 85, 85, 'L', 'Black', '2026-02-24 20:56:30.060953+00'),
	('30079093-7bc3-4995-9ac0-0027ea784ca6', 'dfba2e79-96a3-448c-ba0c-76fa52f47b50', 'a1a00000-0000-0000-0000-000000000001', 'Relaxed Cotton Tee', 'a1a00000-0000-0000-0000-000000000001', 'https://images.unsplash.com/photo-1521572163474-6864f9cf17ab?w=800&q=80', 1, 85, 85, 'L', 'Black', '2026-02-24 21:00:40.217672+00'),
	('d320bebc-9ab2-4d87-b0bc-ee5bf545da80', '359e20ca-cefc-4309-9c55-eeb5a627c428', 'a1a00000-0000-0000-0000-000000000001', 'Relaxed Cotton Tee', 'a1a00000-0000-0000-0000-000000000001', 'https://images.unsplash.com/photo-1521572163474-6864f9cf17ab?w=800&q=80', 1, 85, 85, 'L', 'Black', '2026-02-24 21:03:45.703519+00'),
	('bb9ff5d8-9b7a-4b20-ba5f-b6493a90bcf9', '4d30a722-6dea-4045-8b62-23e689e279c0', 'a1a00000-0000-0000-0000-000000000001', 'Relaxed Cotton Tee', 'a1a00000-0000-0000-0000-000000000001', 'https://images.unsplash.com/photo-1521572163474-6864f9cf17ab?w=800&q=80', 1, 85, 85, 'L', 'Black', '2026-02-24 21:08:49.598466+00'),
	('8bc125ff-09bb-4389-8306-b2f9ec3473b8', 'a65ca94f-01db-41ce-a940-ca360b3e07c2', 'a1a00000-0000-0000-0000-000000000001', 'Relaxed Cotton Tee', 'a1a00000-0000-0000-0000-000000000001', 'https://images.unsplash.com/photo-1521572163474-6864f9cf17ab?w=800&q=80', 1, 85, 85, 'L', 'Black', '2026-02-24 21:12:21.433697+00'),
	('c20e2ef4-cf1b-4b6a-883c-0bd0fbcddb06', 'c2b7a114-6ea7-46a8-ad0a-d2c6aba3a12a', 'a1a00000-0000-0000-0000-000000000001', 'Relaxed Cotton Tee', 'a1a00000-0000-0000-0000-000000000001', 'https://images.unsplash.com/photo-1521572163474-6864f9cf17ab?w=800&q=80', 1, 85, 85, 'L', 'Black', '2026-02-24 21:14:52.035024+00'),
	('789b2441-7639-45d6-ae2b-a1d176f686f8', '67dde417-04e6-44a1-9d4d-55dfac259ea4', 'a1a00000-0000-0000-0000-000000000001', 'Relaxed Cotton Tee', 'a1a00000-0000-0000-0000-000000000001', 'https://images.unsplash.com/photo-1521572163474-6864f9cf17ab?w=800&q=80', 1, 85, 85, 'L', 'Stone', '2026-02-24 21:18:06.069309+00'),
	('682f8971-41ad-4655-b472-0f3c286dddd2', '51232871-4016-48a3-b576-f80a74dd7cfa', 'a1a00000-0000-0000-0000-000000000001', 'Relaxed Cotton Tee', 'a1a00000-0000-0000-0000-000000000001', 'https://images.unsplash.com/photo-1521572163474-6864f9cf17ab?w=800&q=80', 1, 85, 85, 'XS', 'White', '2026-02-24 21:21:03.234274+00'),
	('e4a362a7-c1df-4d68-ae87-9bb2ddf60d25', '48efcc29-5b67-4787-a271-392399a6d6a1', 'a1a00000-0000-0000-0000-000000000002', 'Merino Wool Sweater', 'a1a00000-0000-0000-0000-000000000002', 'https://images.unsplash.com/photo-1434389677669-e08b4cac3105?w=800&q=80', 1, 245, 245, 'L', 'Navy', '2026-02-24 21:25:12.169777+00'),
	('f582b7ed-4cb3-45b5-ab8f-829857be5bf5', '342d0a8e-13a2-40dd-81f5-e1ff87e8412d', 'a1a00000-0000-0000-0000-000000000002', 'Merino Wool Sweater', 'a1a00000-0000-0000-0000-000000000002', 'https://images.unsplash.com/photo-1434389677669-e08b4cac3105?w=800&q=80', 1, 245, 245, 'L', 'Navy', '2026-02-24 21:34:00.198385+00'),
	('fe2eda4d-47df-46e3-8287-33c8d109ccef', '1c5d2e1d-fc68-4fc0-af44-065847c9fb78', 'a1a00000-0000-0000-0000-000000000005', 'Oxford Shirt', 'a1a00000-0000-0000-0000-000000000005', 'https://images.unsplash.com/photo-1602810318383-e386cc2a3ccf?w=800&q=80', 1, 165, 165, 'XL', 'Pink', '2026-02-24 21:36:21.079573+00'),
	('20a93bcc-0d6e-4332-956d-9df2aeb1cc36', '3312a422-a02e-44e6-b1a5-31850625653f', 'a1a00000-0000-0000-0000-000000000002', 'Merino Wool Sweater', 'a1a00000-0000-0000-0000-000000000002', 'https://images.unsplash.com/photo-1434389677669-e08b4cac3105?w=800&q=80', 1, 245, 245, 'XL', 'Navy', '2026-02-24 21:43:44.018728+00'),
	('e7dafe21-cb2c-4997-a3fe-d36a55668b9a', '216a2244-694c-4672-a139-ba5697f47a47', 'a1a00000-0000-0000-0000-000000000003', 'Wool Blend Overcoat', 'a1a00000-0000-0000-0000-000000000003', 'https://images.unsplash.com/photo-1539533018447-63fcce2678e3?w=800&q=80', 1, 695, 695, 'XL', 'Charcoal', '2026-02-24 21:45:51.825597+00'),
	('cee04f18-6e05-4c56-ac93-d401ac7c9189', 'e194e456-5d17-4934-b1c8-5790d5429140', 'a1a00000-0000-0000-0000-000000000008', 'Tailored Chinos', 'a1a00000-0000-0000-0000-000000000008', 'https://images.unsplash.com/photo-1473966968600-fa801b869a1a?w=800&q=80', 1, 145, 145, '36', 'Olive', '2026-02-24 21:53:25.598591+00'),
	('3504a40e-344f-4eb1-9581-f2eb6ecf27cf', '95dac80a-c81d-4ba6-8756-c3ac437c8e35', 'a1a00000-0000-0000-0000-000000000006', 'Quilted Jacket', 'a1a00000-0000-0000-0000-000000000006', 'https://images.unsplash.com/photo-1591047139829-d91aecb6caea?w=800&q=80', 1, 425, 425, 'XL', 'Olive', '2026-02-24 21:56:22.180146+00'),
	('d67244c3-1634-4570-8d51-827a8446a267', '4ab5fef8-975e-4a9c-a9b3-e3ef959d2a8b', 'a1a00000-0000-0000-0000-000000000008', 'Tailored Chinos', 'a1a00000-0000-0000-0000-000000000008', 'https://images.unsplash.com/photo-1473966968600-fa801b869a1a?w=800&q=80', 1, 145, 145, '34', 'Olive', '2026-02-25 00:22:48.900692+00'),
	('2d67a211-778d-4a53-b00b-ace079715033', '3a6eec59-afde-4bce-8111-2ef4133391aa', 'a1a00000-0000-0000-0000-000000000001', 'Relaxed Cotton Tee', 'a1a00000-0000-0000-0000-000000000001', 'https://images.unsplash.com/photo-1521572163474-6864f9cf17ab?w=800&q=80', 1, 85, 85, 'XL', 'Stone', '2026-02-25 00:26:22.890274+00'),
	('6db9a744-8e24-49e9-a059-c22d34e34681', '10dd203c-128f-4b4f-b91a-54d5ebf7f94f', 'a1a00000-0000-0000-0000-000000000002', 'Merino Wool Sweater', 'a1a00000-0000-0000-0000-000000000002', 'https://images.unsplash.com/photo-1434389677669-e08b4cac3105?w=800&q=80', 1, 245, 245, 'L', 'Navy', '2026-02-25 00:28:30.313834+00'),
	('8ab03c65-3210-47d6-a9fc-0bf5288f0ce4', 'a64b2548-6b31-4ed4-a20e-8078e48d99fc', 'a1a00000-0000-0000-0000-000000000005', 'Oxford Shirt', 'a1a00000-0000-0000-0000-000000000005', 'https://images.unsplash.com/photo-1602810318383-e386cc2a3ccf?w=800&q=80', 1, 165, 165, 'XL', 'Pink', '2026-02-25 01:17:09.478122+00');


--
-- Data for Name: saved_carts; Type: TABLE DATA; Schema: public; Owner: postgres
--

INSERT INTO "public"."saved_carts" ("id", "auth_user_id", "cart_data", "created_at", "updated_at") VALUES
	('3b004d0b-66bc-4865-9cf0-1e16820b0a41', '335aeef8-ed21-4bcf-889d-0d20787c314e', '[]', '2026-01-29 21:53:45.044408+00', '2026-02-20 04:51:41.518359+00'),
	('6ada1ed1-80fa-4dbc-8f1f-a9bf9c790634', '1acdc068-8190-4d35-81c8-8cb98d6667b8', '[{"product": {"id": "a1a00000-0000-0000-0000-000000000001", "name": "Relaxed Cotton Tee", "slug": "relaxed-cotton-tee", "price": 85, "variants": {"sizes": ["XS", "S", "M", "L", "XL"], "colors": [{"name": "White", "value": "#ffffff"}, {"name": "Black", "value": "#1a1a1a"}, {"name": "Stone", "value": "#d4c5a9"}]}, "main_image": "https://images.unsplash.com/photo-1521572163474-6864f9cf17ab?w=800&q=80"}, "variant": {"size": "L", "color": {"name": "Stone", "value": "#d4c5a9"}}, "quantity": 1}]', '2026-01-29 19:04:16.08577+00', '2026-02-25 01:26:24.26295+00');


--
-- PostgreSQL database dump complete
--

-- \unrestrict s46sWUPQBNcfhs692AvWcoLe5sCInotDegVglrFRyeOd4gZDF9dMBLscak8jYxa

RESET ALL;



